name,color
Alpha,"0.04,0.57,0.04,1"
Alphadasia,"0,0.67,0.91,1"
Alphadasiaoxia,"0,0.67,0.91,1"
Alphadasiaoxiaprosgegrammeni,"0,0.67,0.91,1"
Alphadasiaoxiaprosgegrammeni.ad,"0,0.67,0.91,1"
Alphadasiaperispomeni,"0,0.67,0.91,1"
Alphadasiaperispomeniprosgegrammeni,"0,0.67,0.91,1"
Alphadasiaperispomeniprosgegrammeni.ad,"0,0.67,0.91,1"
Alphadasiaprosgegrammeni,"0,0.67,0.91,1"
Alphadasiaprosgegrammeni.ad,"0,0.67,0.91,1"
Alphadasiavaria,"0,0.67,0.91,1"
Alphadasiavariaprosgegrammeni,"0,0.67,0.91,1"
Alphadasiavariaprosgegrammeni.ad,"0,0.67,0.91,1"
Alphamacron,"0.5,0.09,0.79,1"
Alphaoxia,"0,0.67,0.91,1"
Alphaprosgegrammeni,"0.5,0.09,0.79,1"
Alphaprosgegrammeni.ad,"0.5,0.09,0.79,1"
Alphapsili,"0,0.67,0.91,1"
Alphapsilioxia,"0,0.67,0.91,1"
Alphapsilioxiaprosgegrammeni,"0,0.67,0.91,1"
Alphapsilioxiaprosgegrammeni.ad,"0,0.67,0.91,1"
Alphapsiliperispomeni,"0,0.67,0.91,1"
Alphapsiliperispomeniprosgegrammeni,"0,0.67,0.91,1"
Alphapsiliperispomeniprosgegrammeni.ad,"0,0.67,0.91,1"
Alphapsiliprosgegrammeni,"0,0.67,0.91,1"
Alphapsiliprosgegrammeni.ad,"0,0.67,0.91,1"
Alphapsilivaria,"0,0.67,0.91,1"
Alphapsilivariaprosgegrammeni,"0,0.67,0.91,1"
Alphapsilivariaprosgegrammeni.ad,"0,0.67,0.91,1"
Alphatonos,"0,0.67,0.91,1"
Alphavaria,"0,0.67,0.91,1"
Alphavrachy,"0.5,0.09,0.79,1"
Archaicsampi,"0.04,0.57,0.04,1"
Beta,"0.04,0.57,0.04,1"
Chi,"0.04,0.57,0.04,1"
Delta,"0.04,0.57,0.04,1"
Digamma,"0.04,0.57,0.04,1"
Epsilon,"0.04,0.57,0.04,1"
Epsilondasia,"0,0.67,0.91,1"
Epsilondasiaoxia,"0,0.67,0.91,1"
Epsilondasiavaria,"0,0.67,0.91,1"
Epsilonoxia,"0,0.67,0.91,1"
Epsilonpsili,"0,0.67,0.91,1"
Epsilonpsilioxia,"0,0.67,0.91,1"
Epsilonpsilivaria,"0,0.67,0.91,1"
Epsilontonos,"0,0.67,0.91,1"
Epsilonvaria,"0,0.67,0.91,1"
Eta,"0.04,0.57,0.04,1"
Etadasia,"0,0.67,0.91,1"
Etadasiaoxia,"0,0.67,0.91,1"
Etadasiaoxiaprosgegrammeni,"0,0.67,0.91,1"
Etadasiaoxiaprosgegrammeni.ad,"0,0.67,0.91,1"
Etadasiaperispomeni,"0,0.67,0.91,1"
Etadasiaperispomeniprosgegrammeni,"0,0.67,0.91,1"
Etadasiaperispomeniprosgegrammeni.ad,"0,0.67,0.91,1"
Etadasiaprosgegrammeni,"0,0.67,0.91,1"
Etadasiaprosgegrammeni.ad,"0,0.67,0.91,1"
Etadasiavaria,"0,0.67,0.91,1"
Etadasiavariaprosgegrammeni,"0,0.67,0.91,1"
Etadasiavariaprosgegrammeni.ad,"0,0.67,0.91,1"
Etaoxia,"0,0.67,0.91,1"
Etaprosgegrammeni,"0.5,0.09,0.79,1"
Etaprosgegrammeni.ad,"0.5,0.09,0.79,1"
Etapsili,"0,0.67,0.91,1"
Etapsilioxia,"0,0.67,0.91,1"
Etapsilioxiaprosgegrammeni,"0,0.67,0.91,1"
Etapsilioxiaprosgegrammeni.ad,"0,0.67,0.91,1"
Etapsiliperispomeni,"0,0.67,0.91,1"
Etapsiliperispomeniprosgegrammeni,"0,0.67,0.91,1"
Etapsiliperispomeniprosgegrammeni.ad,"0,0.67,0.91,1"
Etapsiliprosgegrammeni,"0,0.67,0.91,1"
Etapsiliprosgegrammeni.ad,"0,0.67,0.91,1"
Etapsilivaria,"0,0.67,0.91,1"
Etapsilivariaprosgegrammeni,"0,0.67,0.91,1"
Etapsilivariaprosgegrammeni.ad,"0,0.67,0.91,1"
Etatonos,"0,0.67,0.91,1"
Etavaria,"0,0.67,0.91,1"
Gamma,"0.67,0.95,0.38,1"
Heta,"0.04,0.57,0.04,1"
Iota,"0.04,0.57,0.04,1"
Iota.salt,"0.04,0.57,0.04,1"
Iotadasia,"0,0.67,0.91,1"
Iotadasia.salt,"0,0.67,0.91,1"
Iotadasiaoxia,"0,0.67,0.91,1"
Iotadasiaoxia.salt,"0,0.67,0.91,1"
Iotadasiaperispomeni,"0,0.67,0.91,1"
Iotadasiaperispomeni.salt,"0,0.67,0.91,1"
Iotadasiavaria,"0,0.67,0.91,1"
Iotadasiavaria.salt,"0,0.67,0.91,1"
Iotadieresis,"0.5,0.09,0.79,1"
Iotadieresis.salt,"0.04,0.57,0.04,1"
Iotamacron,"0.5,0.09,0.79,1"
Iotamacron.salt,"0.5,0.09,0.79,1"
Iotaoxia,"0,0.67,0.91,1"
Iotaoxia.salt,"0,0.67,0.91,1"
Iotapsili,"0,0.67,0.91,1"
Iotapsili.salt,"0,0.67,0.91,1"
Iotapsilioxia,"0,0.67,0.91,1"
Iotapsilioxia.salt,"0,0.67,0.91,1"
Iotapsiliperispomeni,"0,0.67,0.91,1"
Iotapsiliperispomeni.salt,"0,0.67,0.91,1"
Iotapsilivaria,"0,0.67,0.91,1"
Iotapsilivaria.salt,"0,0.67,0.91,1"
Iotatonos,"0,0.67,0.91,1"
Iotatonos.salt,"0.04,0.57,0.04,1"
Iotavaria,"0,0.67,0.91,1"
Iotavaria.salt,"0,0.67,0.91,1"
Iotavrachy,"0.5,0.09,0.79,1"
Iotavrachy.salt,"0.5,0.09,0.79,1"
KaiSymbol,"0.67,0.95,0.38,1"
Kappa,"0.04,0.57,0.04,1"
Koppa,"0.04,0.57,0.04,1"
KoppaArchaic,"0.04,0.57,0.04,1"
Lambda,"0.67,0.95,0.38,1"
Mu,"0.04,0.57,0.04,1"
Nu,"0.04,0.57,0.04,1"
Omega,"0.04,0.57,0.04,1"
Omegadasia,"0,0.67,0.91,1"
Omegadasiaoxia,"0,0.67,0.91,1"
Omegadasiaoxiaprosgegrammeni,"0,0.67,0.91,1"
Omegadasiaoxiaprosgegrammeni.ad,"0,0.67,0.91,1"
Omegadasiaperispomeni,"0,0.67,0.91,1"
Omegadasiaperispomeniprosgegrammeni,"0,0.67,0.91,1"
Omegadasiaperispomeniprosgegrammeni.ad,"0,0.67,0.91,1"
Omegadasiaprosgegrammeni,"0,0.67,0.91,1"
Omegadasiaprosgegrammeni.ad,"0,0.67,0.91,1"
Omegadasiavaria,"0,0.67,0.91,1"
Omegadasiavariaprosgegrammeni,"0,0.67,0.91,1"
Omegadasiavariaprosgegrammeni.ad,"0,0.67,0.91,1"
Omegaoxia,"0,0.67,0.91,1"
Omegaprosgegrammeni,"0.5,0.09,0.79,1"
Omegaprosgegrammeni.ad,"0.5,0.09,0.79,1"
Omegapsili,"0,0.67,0.91,1"
Omegapsilioxia,"0,0.67,0.91,1"
Omegapsilioxiaprosgegrammeni,"0,0.67,0.91,1"
Omegapsilioxiaprosgegrammeni.ad,"0,0.67,0.91,1"
Omegapsiliperispomeni,"0,0.67,0.91,1"
Omegapsiliperispomeniprosgegrammeni,"0,0.67,0.91,1"
Omegapsiliperispomeniprosgegrammeni.ad,"0,0.67,0.91,1"
Omegapsiliprosgegrammeni,"0,0.67,0.91,1"
Omegapsiliprosgegrammeni.ad,"0,0.67,0.91,1"
Omegapsilivaria,"0,0.67,0.91,1"
Omegapsilivariaprosgegrammeni,"0,0.67,0.91,1"
Omegapsilivariaprosgegrammeni.ad,"0,0.67,0.91,1"
Omegatonos,"0,0.67,0.91,1"
Omegavaria,"0,0.67,0.91,1"
Omicron,"0.04,0.57,0.04,1"
Omicrondasia,"0,0.67,0.91,1"
Omicrondasiaoxia,"0,0.67,0.91,1"
Omicrondasiavaria,"0,0.67,0.91,1"
Omicronoxia,"0,0.67,0.91,1"
Omicronpsili,"0,0.67,0.91,1"
Omicronpsilioxia,"0,0.67,0.91,1"
Omicronpsilivaria,"0,0.67,0.91,1"
Omicrontonos,"0,0.67,0.91,1"
Omicronvaria,"0,0.67,0.91,1"
Pamphyliandigamma,"0.04,0.57,0.04,1"
Phi,"0.67,0.95,0.38,1"
Pi,"0.67,0.95,0.38,1"
Psi,"0.67,0.95,0.38,1"
Rho,"0.04,0.57,0.04,1"
Rhodasia,"0,0.67,0.91,1"
Sampi,"0.04,0.57,0.04,1"
San,"0.04,0.57,0.04,1"
Sho,"0.04,0.57,0.04,1"
Sigma,"0.67,0.95,0.38,1"
SigmaLunateDottedReversedSymbol,"0.04,0.57,0.04,1"
SigmaLunateDottedSymbol,"0.04,0.57,0.04,1"
SigmaLunateReversedSymbol,"0.04,0.57,0.04,1"
SigmaLunateSymbol,"0.04,0.57,0.04,1"
Stigma,"0.04,0.57,0.04,1"
Tau,"0.04,0.57,0.04,1"
Theta,"0.67,0.95,0.38,1"
ThetaSymbol,"0.04,0.57,0.04,1"
Upsilon,"0.04,0.57,0.04,1"
UpsilonacutehookSymbol,"0.04,0.57,0.04,1"
Upsilondasia,"0,0.67,0.91,1"
Upsilondasiaoxia,"0,0.67,0.91,1"
Upsilondasiaperispomeni,"0,0.67,0.91,1"
Upsilondasiavaria,"0,0.67,0.91,1"
Upsilondieresis,"0.5,0.09,0.79,1"
UpsilondieresishookSymbol,"0.04,0.57,0.04,1"
UpsilonhookSymbol,"0.67,0.95,0.38,1"
Upsilonmacron,"0.5,0.09,0.79,1"
Upsilonoxia,"0,0.67,0.91,1"
Upsilontonos,"0,0.67,0.91,1"
Upsilonvaria,"0,0.67,0.91,1"
Upsilonvrachy,"0.5,0.09,0.79,1"
Xi,"0.67,0.95,0.38,1"
Yot,"0.04,0.57,0.04,1"
Yot.salt,"0.04,0.57,0.04,1"
Zeta,"0.04,0.57,0.04,1"
alpha,"0.67,0.95,0.38,1"
alpha.sc,"0.04,0.57,0.04,1"
alpha_brevecomb_commaabovecomb_acutecomb,"0.85,0.26,0.06,1"
alpha_brevecomb_commaabovecomb_gravecomb,"0.85,0.26,0.06,1"
alpha_brevecomb_commareversedabovecomb_acutecomb,"0.85,0.26,0.06,1"
alpha_brevecomb_commareversedabovecomb_gravecomb,"0.85,0.26,0.06,1"
alpha_macroncomb_commaabovecomb_acutecomb,"0.85,0.26,0.06,1"
alpha_macroncomb_commaabovecomb_gravecomb,"0.85,0.26,0.06,1"
alpha_macroncomb_commareversedabovecomb_acutecomb,"0.85,0.26,0.06,1"
alpha_macroncomb_commareversedabovecomb_gravecomb,"0.85,0.26,0.06,1"
alphadasia,"0.5,0.09,0.79,1"
alphadasia.sc,"0.5,0.09,0.79,1"
alphadasia.sc.ss06,"0.5,0.09,0.79,1"
alphadasiaoxia,"0.5,0.09,0.79,1"
alphadasiaoxia.sc,"0.5,0.09,0.79,1"
alphadasiaoxia.sc.ss06,"0.5,0.09,0.79,1"
alphadasiaoxiaypogegrammeni,"0.5,0.09,0.79,1"
alphadasiaoxiaypogegrammeni.sc,"0.5,0.09,0.79,1"
alphadasiaoxiaypogegrammeni.sc.ad,"0.5,0.09,0.79,1"
alphadasiaoxiaypogegrammeni.sc.ad.ss06,"0.5,0.09,0.79,1"
alphadasiaoxiaypogegrammeni.sc.ss06,"0.5,0.09,0.79,1"
alphadasiaperispomeni,"0.5,0.09,0.79,1"
alphadasiaperispomeni.sc,"0.5,0.09,0.79,1"
alphadasiaperispomeni.sc.ss06,"0.5,0.09,0.79,1"
alphadasiaperispomeniypogegrammeni,"0.5,0.09,0.79,1"
alphadasiaperispomeniypogegrammeni.sc,"0.5,0.09,0.79,1"
alphadasiaperispomeniypogegrammeni.sc.ad,"0.5,0.09,0.79,1"
alphadasiaperispomeniypogegrammeni.sc.ad.ss06,"0.5,0.09,0.79,1"
alphadasiaperispomeniypogegrammeni.sc.ss06,"0.5,0.09,0.79,1"
alphadasiavaria,"0.5,0.09,0.79,1"
alphadasiavaria.sc,"0.5,0.09,0.79,1"
alphadasiavaria.sc.ss06,"0.5,0.09,0.79,1"
alphadasiavariaypogegrammeni,"0.5,0.09,0.79,1"
alphadasiavariaypogegrammeni.sc,"0.5,0.09,0.79,1"
alphadasiavariaypogegrammeni.sc.ad,"0.5,0.09,0.79,1"
alphadasiavariaypogegrammeni.sc.ad.ss06,"0.5,0.09,0.79,1"
alphadasiavariaypogegrammeni.sc.ss06,"0.5,0.09,0.79,1"
alphadasiaypogegrammeni,"0.5,0.09,0.79,1"
alphadasiaypogegrammeni.sc,"0.5,0.09,0.79,1"
alphadasiaypogegrammeni.sc.ad,"0.5,0.09,0.79,1"
alphadasiaypogegrammeni.sc.ad.ss06,"0.5,0.09,0.79,1"
alphadasiaypogegrammeni.sc.ss06,"0.5,0.09,0.79,1"
alphamacron,"0.5,0.09,0.79,1"
alphamacron.sc,"0.5,0.09,0.79,1"
alphamacron.sc.ss06,"0.5,0.09,0.79,1"
alphaoxia,"0.5,0.09,0.79,1"
alphaoxia.sc,"0.5,0.09,0.79,1"
alphaoxia.sc.ss06,"0.5,0.09,0.79,1"
alphaoxiaypogegrammeni,"0.5,0.09,0.79,1"
alphaoxiaypogegrammeni.sc,"0.5,0.09,0.79,1"
alphaoxiaypogegrammeni.sc.ad,"0.5,0.09,0.79,1"
alphaoxiaypogegrammeni.sc.ad.ss06,"0.5,0.09,0.79,1"
alphaoxiaypogegrammeni.sc.ss06,"0.5,0.09,0.79,1"
alphaperispomeni,"0.5,0.09,0.79,1"
alphaperispomeni.sc,"0.5,0.09,0.79,1"
alphaperispomeni.sc.ss06,"0.5,0.09,0.79,1"
alphaperispomeniypogegrammeni,"0.5,0.09,0.79,1"
alphaperispomeniypogegrammeni.sc,"0.5,0.09,0.79,1"
alphaperispomeniypogegrammeni.sc.ad,"0.5,0.09,0.79,1"
alphaperispomeniypogegrammeni.sc.ad.ss06,"0.5,0.09,0.79,1"
alphaperispomeniypogegrammeni.sc.ss06,"0.5,0.09,0.79,1"
alphapsili,"0.5,0.09,0.79,1"
alphapsili.sc,"0.5,0.09,0.79,1"
alphapsili.sc.ss06,"0.5,0.09,0.79,1"
alphapsilioxia,"0.5,0.09,0.79,1"
alphapsilioxia.sc,"0.5,0.09,0.79,1"
alphapsilioxia.sc.ss06,"0.5,0.09,0.79,1"
alphapsilioxiaypogegrammeni,"0.5,0.09,0.79,1"
alphapsilioxiaypogegrammeni.sc,"0.5,0.09,0.79,1"
alphapsilioxiaypogegrammeni.sc.ad,"0.5,0.09,0.79,1"
alphapsilioxiaypogegrammeni.sc.ad.ss06,"0.5,0.09,0.79,1"
alphapsilioxiaypogegrammeni.sc.ss06,"0.5,0.09,0.79,1"
alphapsiliperispomeni,"0.5,0.09,0.79,1"
alphapsiliperispomeni.sc,"0.5,0.09,0.79,1"
alphapsiliperispomeni.sc.ss06,"0.5,0.09,0.79,1"
alphapsiliperispomeniypogegrammeni,"0.5,0.09,0.79,1"
alphapsiliperispomeniypogegrammeni.sc,"0.5,0.09,0.79,1"
alphapsiliperispomeniypogegrammeni.sc.ad,"0.5,0.09,0.79,1"
alphapsiliperispomeniypogegrammeni.sc.ad.ss06,"0.5,0.09,0.79,1"
alphapsiliperispomeniypogegrammeni.sc.ss06,"0.5,0.09,0.79,1"
alphapsilivaria,"0.5,0.09,0.79,1"
alphapsilivaria.sc,"0.5,0.09,0.79,1"
alphapsilivaria.sc.ss06,"0.5,0.09,0.79,1"
alphapsilivariaypogegrammeni,"0.5,0.09,0.79,1"
alphapsilivariaypogegrammeni.sc,"0.5,0.09,0.79,1"
alphapsilivariaypogegrammeni.sc.ad,"0.5,0.09,0.79,1"
alphapsilivariaypogegrammeni.sc.ad.ss06,"0.5,0.09,0.79,1"
alphapsilivariaypogegrammeni.sc.ss06,"0.5,0.09,0.79,1"
alphapsiliypogegrammeni,"0.5,0.09,0.79,1"
alphapsiliypogegrammeni.sc,"0.5,0.09,0.79,1"
alphapsiliypogegrammeni.sc.ad,"0.5,0.09,0.79,1"
alphapsiliypogegrammeni.sc.ad.ss06,"0.5,0.09,0.79,1"
alphapsiliypogegrammeni.sc.ss06,"0.5,0.09,0.79,1"
alphatonos,"0.5,0.09,0.79,1"
alphatonos.sc,"0.5,0.09,0.79,1"
alphatonos.sc.ss06,"0.5,0.09,0.79,1"
alphavaria,"0.5,0.09,0.79,1"
alphavaria.sc,"0.5,0.09,0.79,1"
alphavaria.sc.ss06,"0.5,0.09,0.79,1"
alphavariaypogegrammeni,"0.5,0.09,0.79,1"
alphavariaypogegrammeni.sc,"0.5,0.09,0.79,1"
alphavariaypogegrammeni.sc.ad,"0.5,0.09,0.79,1"
alphavariaypogegrammeni.sc.ad.ss06,"0.5,0.09,0.79,1"
alphavariaypogegrammeni.sc.ss06,"0.5,0.09,0.79,1"
alphavrachy,"0.5,0.09,0.79,1"
alphavrachy.sc,"0.5,0.09,0.79,1"
alphavrachy.sc.ss06,"0.5,0.09,0.79,1"
alphaypogegrammeni,"0.5,0.09,0.79,1"
alphaypogegrammeni.sc,"0.5,0.09,0.79,1"
alphaypogegrammeni.sc.ad,"0.5,0.09,0.79,1"
alphaypogegrammeni.sc.ad.ss06,"0.5,0.09,0.79,1"
alphaypogegrammeni.sc.ss06,"0.5,0.09,0.79,1"
anoteleia,"0.04,0.57,0.04,1"
anoteleia.sc,"0.04,0.57,0.04,1"
archaicsampi,"0.04,0.57,0.04,1"
beta,"0.67,0.95,0.38,1"
beta.sc,"0.04,0.57,0.04,1"
betaSymbol,"0.04,0.57,0.04,1"
betaSymbol.alt,"0.67,0.95,0.38,1"
betasubscript,"0.04,0.57,0.04,1"
chi,"0.67,0.95,0.38,1"
chi.sc,"0.67,0.95,0.38,1"
chisubscript,"0.04,0.57,0.04,1"
dasia,"0.04,0.57,0.04,1"
dasia.case,"0.04,0.57,0.04,1"
dasia.sc,"0.04,0.57,0.04,1"
dasiaoxia,"0.04,0.57,0.04,1"
dasiaoxia.case,"0.04,0.57,0.04,1"
dasiaoxia.sc,"0.04,0.57,0.04,1"
dasiaoxia_brevecomb,"0.04,0.57,0.04,1"
dasiaoxia_macronmod,"0.04,0.57,0.04,1"
dasiaperispomeni,"0.04,0.57,0.04,1"
dasiaperispomeni.case,"0.04,0.57,0.04,1"
dasiaperispomeni.sc,"0.04,0.57,0.04,1"
dasiavaria,"0.04,0.57,0.04,1"
dasiavaria.case,"0.04,0.57,0.04,1"
dasiavaria.sc,"0.04,0.57,0.04,1"
dasiavaria_brevecomb,"0.04,0.57,0.04,1"
dasiavaria_macronmod,"0.04,0.57,0.04,1"
delta,"0.67,0.95,0.38,1"
delta.sc,"0.67,0.95,0.38,1"
dialytikaoxia,"0.04,0.57,0.04,1"
dialytikaoxia.case,"0.04,0.57,0.04,1"
dialytikaoxia.sc,"0.04,0.57,0.04,1"
dialytikaperispomeni,"0.04,0.57,0.04,1"
dialytikaperispomeni.case,"0.04,0.57,0.04,1"
dialytikaperispomeni.sc,"0.04,0.57,0.04,1"
dialytikatonoscomb,"0.04,0.57,0.04,1"
dialytikavaria,"0.04,0.57,0.04,1"
dialytikavaria.case,"0.04,0.57,0.04,1"
dialytikavaria.sc,"0.04,0.57,0.04,1"
dieresistonos,"0.67,0.95,0.38,1"
dieresistonos.sc,"0.04,0.57,0.04,1"
digamma,"0.04,0.57,0.04,1"
epsilon,"0.67,0.95,0.38,1"
epsilon.sc,"0.04,0.57,0.04,1"
epsilonLunateReversedSymbol,"0.04,0.57,0.04,1"
epsilonLunateSymbol,"0.04,0.57,0.04,1"
epsilondasia,"0.5,0.09,0.79,1"
epsilondasia.sc,"0.5,0.09,0.79,1"
epsilondasia.sc.ss06,"0.5,0.09,0.79,1"
epsilondasiaoxia,"0.5,0.09,0.79,1"
epsilondasiaoxia.sc,"0.5,0.09,0.79,1"
epsilondasiaoxia.sc.ss06,"0.5,0.09,0.79,1"
epsilondasiavaria,"0.5,0.09,0.79,1"
epsilondasiavaria.sc,"0.5,0.09,0.79,1"
epsilondasiavaria.sc.ss06,"0.5,0.09,0.79,1"
epsilonoxia,"0.5,0.09,0.79,1"
epsilonoxia.sc,"0.5,0.09,0.79,1"
epsilonoxia.sc.ss06,"0.5,0.09,0.79,1"
epsilonpsili,"0.5,0.09,0.79,1"
epsilonpsili.sc,"0.5,0.09,0.79,1"
epsilonpsili.sc.ss06,"0.5,0.09,0.79,1"
epsilonpsilioxia,"0.5,0.09,0.79,1"
epsilonpsilioxia.sc,"0.5,0.09,0.79,1"
epsilonpsilioxia.sc.ss06,"0.5,0.09,0.79,1"
epsilonpsilivaria,"0.5,0.09,0.79,1"
epsilonpsilivaria.sc,"0.5,0.09,0.79,1"
epsilonpsilivaria.sc.ss06,"0.5,0.09,0.79,1"
epsilontonos,"0.5,0.09,0.79,1"
epsilontonos.sc,"0.5,0.09,0.79,1"
epsilontonos.sc.ss06,"0.5,0.09,0.79,1"
epsilonvaria,"0.5,0.09,0.79,1"
epsilonvaria.sc,"0.5,0.09,0.79,1"
epsilonvaria.sc.ss06,"0.5,0.09,0.79,1"
eta,"0.67,0.95,0.38,1"
eta.sc,"0.04,0.57,0.04,1"
etadasia,"0.5,0.09,0.79,1"
etadasia.sc,"0.5,0.09,0.79,1"
etadasia.sc.ss06,"0.5,0.09,0.79,1"
etadasiaoxia,"0.5,0.09,0.79,1"
etadasiaoxia.sc,"0.5,0.09,0.79,1"
etadasiaoxia.sc.ss06,"0.5,0.09,0.79,1"
etadasiaoxiaypogegrammeni,"0.5,0.09,0.79,1"
etadasiaoxiaypogegrammeni.sc,"0.5,0.09,0.79,1"
etadasiaoxiaypogegrammeni.sc.ad,"0.5,0.09,0.79,1"
etadasiaoxiaypogegrammeni.sc.ad.ss06,"0.5,0.09,0.79,1"
etadasiaoxiaypogegrammeni.sc.ss06,"0.5,0.09,0.79,1"
etadasiaperispomeni,"0.5,0.09,0.79,1"
etadasiaperispomeni.sc,"0.5,0.09,0.79,1"
etadasiaperispomeni.sc.ss06,"0.5,0.09,0.79,1"
etadasiaperispomeniypogegrammeni,"0.5,0.09,0.79,1"
etadasiaperispomeniypogegrammeni.sc,"0.5,0.09,0.79,1"
etadasiaperispomeniypogegrammeni.sc.ad,"0.5,0.09,0.79,1"
etadasiaperispomeniypogegrammeni.sc.ad.ss06,"0.5,0.09,0.79,1"
etadasiaperispomeniypogegrammeni.sc.ss06,"0.5,0.09,0.79,1"
etadasiavaria,"0.5,0.09,0.79,1"
etadasiavaria.sc,"0.5,0.09,0.79,1"
etadasiavaria.sc.ss06,"0.5,0.09,0.79,1"
etadasiavariaypogegrammeni,"0.5,0.09,0.79,1"
etadasiavariaypogegrammeni.sc,"0.5,0.09,0.79,1"
etadasiavariaypogegrammeni.sc.ad,"0.5,0.09,0.79,1"
etadasiavariaypogegrammeni.sc.ad.ss06,"0.5,0.09,0.79,1"
etadasiavariaypogegrammeni.sc.ss06,"0.5,0.09,0.79,1"
etadasiaypogegrammeni,"0.5,0.09,0.79,1"
etadasiaypogegrammeni.sc,"0.5,0.09,0.79,1"
etadasiaypogegrammeni.sc.ad,"0.5,0.09,0.79,1"
etadasiaypogegrammeni.sc.ad.ss06,"0.5,0.09,0.79,1"
etadasiaypogegrammeni.sc.ss06,"0.5,0.09,0.79,1"
etaoxia,"0.5,0.09,0.79,1"
etaoxia.sc,"0.5,0.09,0.79,1"
etaoxia.sc.ss06,"0.5,0.09,0.79,1"
etaoxiaypogegrammeni,"0.5,0.09,0.79,1"
etaoxiaypogegrammeni.sc,"0.5,0.09,0.79,1"
etaoxiaypogegrammeni.sc.ad,"0.5,0.09,0.79,1"
etaoxiaypogegrammeni.sc.ad.ss06,"0.5,0.09,0.79,1"
etaoxiaypogegrammeni.sc.ss06,"0.5,0.09,0.79,1"
etaperispomeni,"0.5,0.09,0.79,1"
etaperispomeni.sc,"0.5,0.09,0.79,1"
etaperispomeni.sc.ss06,"0.5,0.09,0.79,1"
etaperispomeniypogegrammeni,"0.5,0.09,0.79,1"
etaperispomeniypogegrammeni.sc,"0.5,0.09,0.79,1"
etaperispomeniypogegrammeni.sc.ad,"0.5,0.09,0.79,1"
etaperispomeniypogegrammeni.sc.ad.ss06,"0.5,0.09,0.79,1"
etaperispomeniypogegrammeni.sc.ss06,"0.5,0.09,0.79,1"
etapsili,"0.5,0.09,0.79,1"
etapsili.sc,"0.5,0.09,0.79,1"
etapsili.sc.ss06,"0.5,0.09,0.79,1"
etapsilioxia,"0.5,0.09,0.79,1"
etapsilioxia.sc,"0.5,0.09,0.79,1"
etapsilioxia.sc.ss06,"0.5,0.09,0.79,1"
etapsilioxiaypogegrammeni,"0.5,0.09,0.79,1"
etapsilioxiaypogegrammeni.sc,"0.5,0.09,0.79,1"
etapsilioxiaypogegrammeni.sc.ad,"0.5,0.09,0.79,1"
etapsilioxiaypogegrammeni.sc.ad.ss06,"0.5,0.09,0.79,1"
etapsilioxiaypogegrammeni.sc.ss06,"0.5,0.09,0.79,1"
etapsiliperispomeni,"0.5,0.09,0.79,1"
etapsiliperispomeni.sc,"0.5,0.09,0.79,1"
etapsiliperispomeni.sc.ss06,"0.5,0.09,0.79,1"
etapsiliperispomeniypogegrammeni,"0.5,0.09,0.79,1"
etapsiliperispomeniypogegrammeni.sc,"0.5,0.09,0.79,1"
etapsiliperispomeniypogegrammeni.sc.ad,"0.5,0.09,0.79,1"
etapsiliperispomeniypogegrammeni.sc.ad.ss06,"0.5,0.09,0.79,1"
etapsiliperispomeniypogegrammeni.sc.ss06,"0.5,0.09,0.79,1"
etapsilivaria,"0.5,0.09,0.79,1"
etapsilivaria.sc,"0.5,0.09,0.79,1"
etapsilivaria.sc.ss06,"0.5,0.09,0.79,1"
etapsilivariaypogegrammeni,"0.5,0.09,0.79,1"
etapsilivariaypogegrammeni.sc,"0.5,0.09,0.79,1"
etapsilivariaypogegrammeni.sc.ad,"0.5,0.09,0.79,1"
etapsilivariaypogegrammeni.sc.ad.ss06,"0.5,0.09,0.79,1"
etapsilivariaypogegrammeni.sc.ss06,"0.5,0.09,0.79,1"
etapsiliypogegrammeni,"0.5,0.09,0.79,1"
etapsiliypogegrammeni.sc,"0.5,0.09,0.79,1"
etapsiliypogegrammeni.sc.ad,"0.5,0.09,0.79,1"
etapsiliypogegrammeni.sc.ad.ss06,"0.5,0.09,0.79,1"
etapsiliypogegrammeni.sc.ss06,"0.5,0.09,0.79,1"
etatonos,"0.5,0.09,0.79,1"
etatonos.sc,"0.5,0.09,0.79,1"
etatonos.sc.ss06,"0.5,0.09,0.79,1"
etavaria,"0.5,0.09,0.79,1"
etavaria.sc,"0.5,0.09,0.79,1"
etavaria.sc.ss06,"0.5,0.09,0.79,1"
etavariaypogegrammeni,"0.5,0.09,0.79,1"
etavariaypogegrammeni.sc,"0.5,0.09,0.79,1"
etavariaypogegrammeni.sc.ad,"0.5,0.09,0.79,1"
etavariaypogegrammeni.sc.ad.ss06,"0.5,0.09,0.79,1"
etavariaypogegrammeni.sc.ss06,"0.5,0.09,0.79,1"
etaypogegrammeni,"0.5,0.09,0.79,1"
etaypogegrammeni.sc,"0.5,0.09,0.79,1"
etaypogegrammeni.sc.ad,"0.5,0.09,0.79,1"
etaypogegrammeni.sc.ad.ss06,"0.5,0.09,0.79,1"
etaypogegrammeni.sc.ss06,"0.5,0.09,0.79,1"
gamma,"0.67,0.95,0.38,1"
gamma.sc,"0.04,0.57,0.04,1"
gammamod,"0.04,0.57,0.04,1"
gammasubscript,"0.04,0.57,0.04,1"
heta,"0.04,0.57,0.04,1"
iota,"0.67,0.95,0.38,1"
iota.sc,"0.04,0.57,0.04,1"
iota_brevecomb_commaabovecomb_acutecomb,"0.85,0.26,0.06,1"
iota_brevecomb_commaabovecomb_gravecomb,"0.85,0.26,0.06,1"
iota_brevecomb_commareversedabovecomb_acutecomb,"0.85,0.26,0.06,1"
iota_brevecomb_commareversedabovecomb_gravecomb,"0.85,0.26,0.06,1"
iota_dieresiscomb_brevecomb_acutecomb,"0.85,0.26,0.06,1"
iota_dieresiscomb_brevecomb_gravecomb,"0.85,0.26,0.06,1"
iota_dieresiscomb_macroncomb_acutecomb,"0.85,0.26,0.06,1"
iota_dieresiscomb_macroncomb_gravecomb,"0.85,0.26,0.06,1"
iota_macroncomb_commaabovecomb_acutecomb,"0.85,0.26,0.06,1"
iota_macroncomb_commaabovecomb_gravecomb,"0.85,0.26,0.06,1"
iota_macroncomb_commareversedabovecomb_acutecomb,"0.85,0.26,0.06,1"
iota_macroncomb_commareversedabovecomb_gravecomb,"0.85,0.26,0.06,1"
iotadasia,"0.5,0.09,0.79,1"
iotadasia.sc,"0.5,0.09,0.79,1"
iotadasia.sc.ss06,"0.5,0.09,0.79,1"
iotadasiaoxia,"0.5,0.09,0.79,1"
iotadasiaoxia.sc,"0.5,0.09,0.79,1"
iotadasiaoxia.sc.ss06,"0.5,0.09,0.79,1"
iotadasiaperispomeni,"0.5,0.09,0.79,1"
iotadasiaperispomeni.sc,"0.5,0.09,0.79,1"
iotadasiaperispomeni.sc.ss06,"0.5,0.09,0.79,1"
iotadasiavaria,"0.5,0.09,0.79,1"
iotadasiavaria.sc,"0.5,0.09,0.79,1"
iotadasiavaria.sc.ss06,"0.5,0.09,0.79,1"
iotadialytikaoxia,"0.5,0.09,0.79,1"
iotadialytikaoxia.sc,"0.5,0.09,0.79,1"
iotadialytikaoxia.sc.ss06,"0.5,0.09,0.79,1"
iotadialytikaperispomeni,"0.5,0.09,0.79,1"
iotadialytikaperispomeni.sc,"0.5,0.09,0.79,1"
iotadialytikaperispomeni.sc.ss06,"0.5,0.09,0.79,1"
iotadialytikavaria,"0.5,0.09,0.79,1"
iotadialytikavaria.sc,"0.5,0.09,0.79,1"
iotadialytikavaria.sc.ss06,"0.5,0.09,0.79,1"
iotadieresis,"0.5,0.09,0.79,1"
iotadieresis.sc,"0.5,0.09,0.79,1"
iotadieresis.sc.ss06,"0.5,0.09,0.79,1"
iotadieresistonos,"0.5,0.09,0.79,1"
iotadieresistonos.sc,"0.5,0.09,0.79,1"
iotadieresistonos.sc.ss06,"0.5,0.09,0.79,1"
iotamacron,"0.5,0.09,0.79,1"
iotamacron.sc,"0.5,0.09,0.79,1"
iotamacron.sc.ss06,"0.5,0.09,0.79,1"
iotaoxia,"0.5,0.09,0.79,1"
iotaoxia.sc,"0.5,0.09,0.79,1"
iotaoxia.sc.ss06,"0.5,0.09,0.79,1"
iotaperispomeni,"0.5,0.09,0.79,1"
iotaperispomeni.sc,"0.5,0.09,0.79,1"
iotaperispomeni.sc.ss06,"0.5,0.09,0.79,1"
iotapsili,"0.5,0.09,0.79,1"
iotapsili.sc,"0.5,0.09,0.79,1"
iotapsili.sc.ss06,"0.5,0.09,0.79,1"
iotapsilioxia,"0.5,0.09,0.79,1"
iotapsilioxia.sc,"0.5,0.09,0.79,1"
iotapsilioxia.sc.ss06,"0.5,0.09,0.79,1"
iotapsiliperispomeni,"0.5,0.09,0.79,1"
iotapsiliperispomeni.sc,"0.5,0.09,0.79,1"
iotapsiliperispomeni.sc.ss06,"0.5,0.09,0.79,1"
iotapsilivaria,"0.5,0.09,0.79,1"
iotapsilivaria.sc,"0.5,0.09,0.79,1"
iotapsilivaria.sc.ss06,"0.5,0.09,0.79,1"
iotatonos,"0.5,0.09,0.79,1"
iotatonos.sc,"0.5,0.09,0.79,1"
iotatonos.sc.ss06,"0.5,0.09,0.79,1"
iotavaria,"0.5,0.09,0.79,1"
iotavaria.sc,"0.5,0.09,0.79,1"
iotavaria.sc.ss06,"0.5,0.09,0.79,1"
iotavrachy,"0.5,0.09,0.79,1"
iotavrachy.sc,"0.5,0.09,0.79,1"
iotavrachy.sc.ss06,"0.5,0.09,0.79,1"
kaiSymbol,"0.04,0.57,0.04,1"
kaiSymbol.sc,"0.67,0.95,0.38,1"
kappa,"0.67,0.95,0.38,1"
kappa.sc,"0.04,0.57,0.04,1"
kappaSymbol,"0.04,0.57,0.04,1"
koppa,"0.04,0.57,0.04,1"
koppaArchaic,"0.04,0.57,0.04,1"
koronis,"0.04,0.57,0.04,1"
koronis.case,"0.04,0.57,0.04,1"
koronis.sc,"0.04,0.57,0.04,1"
koroniscomb,"0.04,0.57,0.04,1"
lambda,"0.67,0.95,0.38,1"
lambda.sc,"0.04,0.57,0.04,1"
lowernumeral-greek,"0.04,0.57,0.04,1"
mu,"0.04,0.57,0.04,1"
mu.sc,"0.04,0.57,0.04,1"
nu,"0.67,0.95,0.38,1"
nu.sc,"0.04,0.57,0.04,1"
numeral-greek,"0.04,0.57,0.04,1"
omega,"0.04,0.57,0.04,1"
omega.sc,"0.67,0.95,0.38,1"
omegadasia,"0.5,0.09,0.79,1"
omegadasia.sc,"0.5,0.09,0.79,1"
omegadasia.sc.ss06,"0.5,0.09,0.79,1"
omegadasiaoxia,"0.5,0.09,0.79,1"
omegadasiaoxia.sc,"0.5,0.09,0.79,1"
omegadasiaoxia.sc.ss06,"0.5,0.09,0.79,1"
omegadasiaoxiaypogegrammeni,"0.5,0.09,0.79,1"
omegadasiaoxiaypogegrammeni.sc,"0.5,0.09,0.79,1"
omegadasiaoxiaypogegrammeni.sc.ad,"0.5,0.09,0.79,1"
omegadasiaoxiaypogegrammeni.sc.ad.ss06,"0.5,0.09,0.79,1"
omegadasiaoxiaypogegrammeni.sc.ss06,"0.5,0.09,0.79,1"
omegadasiaperispomeni,"0.5,0.09,0.79,1"
omegadasiaperispomeni.sc,"0.5,0.09,0.79,1"
omegadasiaperispomeni.sc.ss06,"0.5,0.09,0.79,1"
omegadasiaperispomeniypogegrammeni,"0.5,0.09,0.79,1"
omegadasiaperispomeniypogegrammeni.sc,"0.5,0.09,0.79,1"
omegadasiaperispomeniypogegrammeni.sc.ad,"0.5,0.09,0.79,1"
omegadasiaperispomeniypogegrammeni.sc.ad.ss06,"0.5,0.09,0.79,1"
omegadasiaperispomeniypogegrammeni.sc.ss06,"0.5,0.09,0.79,1"
omegadasiavaria,"0.5,0.09,0.79,1"
omegadasiavaria.sc,"0.5,0.09,0.79,1"
omegadasiavaria.sc.ss06,"0.5,0.09,0.79,1"
omegadasiavariaypogegrammeni,"0.5,0.09,0.79,1"
omegadasiavariaypogegrammeni.sc,"0.5,0.09,0.79,1"
omegadasiavariaypogegrammeni.sc.ad,"0.5,0.09,0.79,1"
omegadasiavariaypogegrammeni.sc.ad.ss06,"0.5,0.09,0.79,1"
omegadasiavariaypogegrammeni.sc.ss06,"0.5,0.09,0.79,1"
omegadasiaypogegrammeni,"0.5,0.09,0.79,1"
omegadasiaypogegrammeni.sc,"0.5,0.09,0.79,1"
omegadasiaypogegrammeni.sc.ad,"0.5,0.09,0.79,1"
omegadasiaypogegrammeni.sc.ad.ss06,"0.5,0.09,0.79,1"
omegadasiaypogegrammeni.sc.ss06,"0.5,0.09,0.79,1"
omegaoxia,"0.5,0.09,0.79,1"
omegaoxia.sc,"0.5,0.09,0.79,1"
omegaoxia.sc.ss06,"0.5,0.09,0.79,1"
omegaoxiaypogegrammeni,"0.5,0.09,0.79,1"
omegaoxiaypogegrammeni.sc,"0.5,0.09,0.79,1"
omegaoxiaypogegrammeni.sc.ad,"0.5,0.09,0.79,1"
omegaoxiaypogegrammeni.sc.ad.ss06,"0.5,0.09,0.79,1"
omegaoxiaypogegrammeni.sc.ss06,"0.5,0.09,0.79,1"
omegaperispomeni,"0.5,0.09,0.79,1"
omegaperispomeni.sc,"0.5,0.09,0.79,1"
omegaperispomeni.sc.ss06,"0.5,0.09,0.79,1"
omegaperispomeniypogegrammeni,"0.5,0.09,0.79,1"
omegaperispomeniypogegrammeni.sc,"0.5,0.09,0.79,1"
omegaperispomeniypogegrammeni.sc.ad,"0.5,0.09,0.79,1"
omegaperispomeniypogegrammeni.sc.ad.ss06,"0.5,0.09,0.79,1"
omegaperispomeniypogegrammeni.sc.ss06,"0.5,0.09,0.79,1"
omegapsili,"0.5,0.09,0.79,1"
omegapsili.sc,"0.5,0.09,0.79,1"
omegapsili.sc.ss06,"0.5,0.09,0.79,1"
omegapsilioxia,"0.5,0.09,0.79,1"
omegapsilioxia.sc,"0.5,0.09,0.79,1"
omegapsilioxia.sc.ss06,"0.5,0.09,0.79,1"
omegapsilioxiaypogegrammeni,"0.5,0.09,0.79,1"
omegapsilioxiaypogegrammeni.sc,"0.5,0.09,0.79,1"
omegapsilioxiaypogegrammeni.sc.ad,"0.5,0.09,0.79,1"
omegapsilioxiaypogegrammeni.sc.ad.ss06,"0.5,0.09,0.79,1"
omegapsilioxiaypogegrammeni.sc.ss06,"0.5,0.09,0.79,1"
omegapsiliperispomeni,"0.5,0.09,0.79,1"
omegapsiliperispomeni.sc,"0.5,0.09,0.79,1"
omegapsiliperispomeni.sc.ss06,"0.5,0.09,0.79,1"
omegapsiliperispomeniypogegrammeni,"0.5,0.09,0.79,1"
omegapsiliperispomeniypogegrammeni.sc,"0.5,0.09,0.79,1"
omegapsiliperispomeniypogegrammeni.sc.ad,"0.5,0.09,0.79,1"
omegapsiliperispomeniypogegrammeni.sc.ad.ss06,"0.5,0.09,0.79,1"
omegapsiliperispomeniypogegrammeni.sc.ss06,"0.5,0.09,0.79,1"
omegapsilivaria,"0.5,0.09,0.79,1"
omegapsilivaria.sc,"0.5,0.09,0.79,1"
omegapsilivaria.sc.ss06,"0.5,0.09,0.79,1"
omegapsilivariaypogegrammeni,"0.5,0.09,0.79,1"
omegapsilivariaypogegrammeni.sc,"0.5,0.09,0.79,1"
omegapsilivariaypogegrammeni.sc.ad,"0.5,0.09,0.79,1"
omegapsilivariaypogegrammeni.sc.ad.ss06,"0.5,0.09,0.79,1"
omegapsilivariaypogegrammeni.sc.ss06,"0.5,0.09,0.79,1"
omegapsiliypogegrammeni,"0.5,0.09,0.79,1"
omegapsiliypogegrammeni.sc,"0.5,0.09,0.79,1"
omegapsiliypogegrammeni.sc.ad,"0.5,0.09,0.79,1"
omegapsiliypogegrammeni.sc.ad.ss06,"0.5,0.09,0.79,1"
omegapsiliypogegrammeni.sc.ss06,"0.5,0.09,0.79,1"
omegatonos,"0.5,0.09,0.79,1"
omegatonos.sc,"0.5,0.09,0.79,1"
omegatonos.sc.ss06,"0.5,0.09,0.79,1"
omegavaria,"0.5,0.09,0.79,1"
omegavaria.sc,"0.5,0.09,0.79,1"
omegavaria.sc.ss06,"0.5,0.09,0.79,1"
omegavariaypogegrammeni,"0.5,0.09,0.79,1"
omegavariaypogegrammeni.sc,"0.5,0.09,0.79,1"
omegavariaypogegrammeni.sc.ad,"0.5,0.09,0.79,1"
omegavariaypogegrammeni.sc.ad.ss06,"0.5,0.09,0.79,1"
omegavariaypogegrammeni.sc.ss06,"0.5,0.09,0.79,1"
omegaypogegrammeni,"0.5,0.09,0.79,1"
omegaypogegrammeni.sc,"0.5,0.09,0.79,1"
omegaypogegrammeni.sc.ad,"0.5,0.09,0.79,1"
omegaypogegrammeni.sc.ad.ss06,"0.5,0.09,0.79,1"
omegaypogegrammeni.sc.ss06,"0.5,0.09,0.79,1"
omicron,"0.04,0.57,0.04,1"
omicron.sc,"0.67,0.95,0.38,1"
omicrondasia,"0.5,0.09,0.79,1"
omicrondasia.sc,"0.5,0.09,0.79,1"
omicrondasia.sc.ss06,"0.5,0.09,0.79,1"
omicrondasiaoxia,"0.5,0.09,0.79,1"
omicrondasiaoxia.sc,"0.5,0.09,0.79,1"
omicrondasiaoxia.sc.ss06,"0.5,0.09,0.79,1"
omicrondasiavaria,"0.5,0.09,0.79,1"
omicrondasiavaria.sc,"0.5,0.09,0.79,1"
omicrondasiavaria.sc.ss06,"0.5,0.09,0.79,1"
omicronoxia,"0.5,0.09,0.79,1"
omicronoxia.sc,"0.5,0.09,0.79,1"
omicronoxia.sc.ss06,"0.5,0.09,0.79,1"
omicronpsili,"0.5,0.09,0.79,1"
omicronpsili.sc,"0.5,0.09,0.79,1"
omicronpsili.sc.ss06,"0.5,0.09,0.79,1"
omicronpsilioxia,"0.5,0.09,0.79,1"
omicronpsilioxia.sc,"0.5,0.09,0.79,1"
omicronpsilioxia.sc.ss06,"0.5,0.09,0.79,1"
omicronpsilivaria,"0.5,0.09,0.79,1"
omicronpsilivaria.sc,"0.5,0.09,0.79,1"
omicronpsilivaria.sc.ss06,"0.5,0.09,0.79,1"
omicrontonos,"0.5,0.09,0.79,1"
omicrontonos.sc,"0.5,0.09,0.79,1"
omicrontonos.sc.ss06,"0.5,0.09,0.79,1"
omicronvaria,"0.5,0.09,0.79,1"
omicronvaria.sc,"0.5,0.09,0.79,1"
omicronvaria.sc.ss06,"0.5,0.09,0.79,1"
oxia,"0.04,0.57,0.04,1"
oxia.case,"0.04,0.57,0.04,1"
oxia.sc,"0.04,0.57,0.04,1"
pamphyliandigamma,"0.04,0.57,0.04,1"
perispomeni,"0.04,0.57,0.04,1"
perispomeni.case,"0.04,0.57,0.04,1"
perispomeni.sc,"0.04,0.57,0.04,1"
perispomenicomb,"0.04,0.57,0.04,1"
phi,"0.67,0.95,0.38,1"
phi.sc,"0.67,0.95,0.38,1"
phiSymbol,"0.04,0.57,0.04,1"
phimod,"0.04,0.57,0.04,1"
phisubscript,"0.04,0.57,0.04,1"
pi,"0.67,0.95,0.38,1"
pi.sc,"0.67,0.95,0.38,1"
piSymbol,"0.04,0.57,0.04,1"
prosgegrammeni,"0.67,0.95,0.38,1"
psi,"0.04,0.57,0.04,1"
psi.sc,"0.67,0.95,0.38,1"
psili,"0.04,0.57,0.04,1"
psili.case,"0.04,0.57,0.04,1"
psili.sc,"0.04,0.57,0.04,1"
psilioxia,"0.04,0.57,0.04,1"
psilioxia.case,"0.04,0.57,0.04,1"
psilioxia.sc,"0.04,0.57,0.04,1"
psilioxia_brevecomb,"0.04,0.57,0.04,1"
psilioxia_macronmod,"0.04,0.57,0.04,1"
psiliperispomeni,"0.04,0.57,0.04,1"
psiliperispomeni.case,"0.04,0.57,0.04,1"
psiliperispomeni.sc,"0.04,0.57,0.04,1"
psilivaria,"0.04,0.57,0.04,1"
psilivaria.case,"0.04,0.57,0.04,1"
psilivaria.sc,"0.04,0.57,0.04,1"
psilivaria_brevecomb,"0.04,0.57,0.04,1"
psilivaria_macronmod,"0.04,0.57,0.04,1"
questiongreek,"0.04,0.57,0.04,1"
rho,"0.67,0.95,0.38,1"
rho.sc,"0.67,0.95,0.38,1"
rhoStrokeSymbol,"0.04,0.57,0.04,1"
rhoSymbol,"0.04,0.57,0.04,1"
rhodasia,"0.5,0.09,0.79,1"
rhodasia.sc,"0.5,0.09,0.79,1"
rhodasia.sc.ss06,"0.5,0.09,0.79,1"
rhopsili,"0.5,0.09,0.79,1"
rhopsili.sc,"0.5,0.09,0.79,1"
rhopsili.sc.ss06,"0.5,0.09,0.79,1"
rhosubscript,"0.04,0.57,0.04,1"
sampi,"0.04,0.57,0.04,1"
san,"0.04,0.57,0.04,1"
sho,"0.67,0.95,0.38,1"
sigma,"0.67,0.95,0.38,1"
sigma.sc,"0.67,0.95,0.38,1"
sigmaLunateDottedReversedSymbol,"0.04,0.57,0.04,1"
sigmaLunateDottedSymbol,"0.04,0.57,0.04,1"
sigmaLunateReversedSymbol,"0.04,0.57,0.04,1"
sigmaLunateSymbol,"0.04,0.57,0.04,1"
sigmafinal,"0.67,0.95,0.38,1"
sigmafinal.sc,"0.67,0.95,0.38,1"
stigma,"0.04,0.57,0.04,1"
tau,"0.67,0.95,0.38,1"
tau.sc,"0.67,0.95,0.38,1"
theta,"0.67,0.95,0.38,1"
theta.sc,"0.67,0.95,0.38,1"
thetaSymbol,"0.04,0.57,0.04,1"
tonos,"0.67,0.95,0.38,1"
tonos.case,"0.04,0.57,0.04,1"
tonos.sc,"0.04,0.57,0.04,1"
turnediota,"0.04,0.57,0.04,1"
upsilon,"0.67,0.95,0.38,1"
upsilon.sc,"0.67,0.95,0.38,1"
upsilon_brevecomb_commaabovecomb_acutecomb,"0.85,0.26,0.06,1"
upsilon_brevecomb_commaabovecomb_gravecomb,"0.85,0.26,0.06,1"
upsilon_brevecomb_commareversedabovecomb_acutecomb,"0.85,0.26,0.06,1"
upsilon_brevecomb_commareversedabovecomb_gravecomb,"0.85,0.26,0.06,1"
upsilon_dieresiscomb_brevecomb_acutecomb,"0.85,0.26,0.06,1"
upsilon_dieresiscomb_brevecomb_gravecomb,"0.85,0.26,0.06,1"
upsilon_dieresiscomb_macroncomb_acutecomb,"0.85,0.26,0.06,1"
upsilon_dieresiscomb_macroncomb_gravecomb,"0.85,0.26,0.06,1"
upsilon_macroncomb_commaabovecomb_acutecomb,"0.85,0.26,0.06,1"
upsilon_macroncomb_commaabovecomb_gravecomb,"0.85,0.26,0.06,1"
upsilon_macroncomb_commareversedabovecomb_acutecomb,"0.85,0.26,0.06,1"
upsilon_macroncomb_commareversedabovecomb_gravecomb,"0.85,0.26,0.06,1"
upsilondasia,"0.5,0.09,0.79,1"
upsilondasia.sc,"0.5,0.09,0.79,1"
upsilondasia.sc.ss06,"0.5,0.09,0.79,1"
upsilondasiaoxia,"0.5,0.09,0.79,1"
upsilondasiaoxia.sc,"0.5,0.09,0.79,1"
upsilondasiaoxia.sc.ss06,"0.5,0.09,0.79,1"
upsilondasiaperispomeni,"0.5,0.09,0.79,1"
upsilondasiaperispomeni.sc,"0.5,0.09,0.79,1"
upsilondasiaperispomeni.sc.ss06,"0.5,0.09,0.79,1"
upsilondasiavaria,"0.5,0.09,0.79,1"
upsilondasiavaria.sc,"0.5,0.09,0.79,1"
upsilondasiavaria.sc.ss06,"0.5,0.09,0.79,1"
upsilondialytikaoxia,"0.5,0.09,0.79,1"
upsilondialytikaoxia.sc,"0.5,0.09,0.79,1"
upsilondialytikaoxia.sc.ss06,"0.5,0.09,0.79,1"
upsilondialytikaperispomeni,"0.5,0.09,0.79,1"
upsilondialytikaperispomeni.sc,"0.5,0.09,0.79,1"
upsilondialytikaperispomeni.sc.ss06,"0.5,0.09,0.79,1"
upsilondialytikavaria,"0.5,0.09,0.79,1"
upsilondialytikavaria.sc,"0.5,0.09,0.79,1"
upsilondialytikavaria.sc.ss06,"0.5,0.09,0.79,1"
upsilondieresis,"0.5,0.09,0.79,1"
upsilondieresis.sc,"0.5,0.09,0.79,1"
upsilondieresis.sc.ss06,"0.5,0.09,0.79,1"
upsilondieresistonos,"0.5,0.09,0.79,1"
upsilondieresistonos.sc,"0.5,0.09,0.79,1"
upsilondieresistonos.sc.ss06,"0.5,0.09,0.79,1"
upsilonmacron,"0.5,0.09,0.79,1"
upsilonmacron.sc,"0.5,0.09,0.79,1"
upsilonmacron.sc.ss06,"0.5,0.09,0.79,1"
upsilonoxia,"0.5,0.09,0.79,1"
upsilonoxia.sc,"0.5,0.09,0.79,1"
upsilonoxia.sc.ss06,"0.5,0.09,0.79,1"
upsilonperispomeni,"0.5,0.09,0.79,1"
upsilonperispomeni.sc,"0.5,0.09,0.79,1"
upsilonperispomeni.sc.ss06,"0.5,0.09,0.79,1"
upsilonpsili,"0.5,0.09,0.79,1"
upsilonpsili.sc,"0.5,0.09,0.79,1"
upsilonpsili.sc.ss06,"0.5,0.09,0.79,1"
upsilonpsilioxia,"0.5,0.09,0.79,1"
upsilonpsilioxia.sc,"0.5,0.09,0.79,1"
upsilonpsilioxia.sc.ss06,"0.5,0.09,0.79,1"
upsilonpsiliperispomeni,"0.5,0.09,0.79,1"
upsilonpsiliperispomeni.sc,"0.5,0.09,0.79,1"
upsilonpsiliperispomeni.sc.ss06,"0.5,0.09,0.79,1"
upsilonpsilivaria,"0.5,0.09,0.79,1"
upsilonpsilivaria.sc,"0.5,0.09,0.79,1"
upsilonpsilivaria.sc.ss06,"0.5,0.09,0.79,1"
upsilontonos,"0.5,0.09,0.79,1"
upsilontonos.sc,"0.5,0.09,0.79,1"
upsilontonos.sc.ss06,"0.5,0.09,0.79,1"
upsilonvaria,"0.5,0.09,0.79,1"
upsilonvaria.sc,"0.5,0.09,0.79,1"
upsilonvaria.sc.ss06,"0.5,0.09,0.79,1"
upsilonvrachy,"0.5,0.09,0.79,1"
upsilonvrachy.sc,"0.5,0.09,0.79,1"
upsilonvrachy.sc.ss06,"0.5,0.09,0.79,1"
varia,"0.04,0.57,0.04,1"
varia.case,"0.04,0.57,0.04,1"
varia.sc,"0.04,0.57,0.04,1"
xi,"0.67,0.95,0.38,1"
xi.sc,"0.67,0.95,0.38,1"
yot,"0.04,0.57,0.04,1"
ypogegrammeni,"0.04,0.57,0.04,1"
ypogegrammenicomb,"0.04,0.57,0.04,1"
zeta,"0.67,0.95,0.38,1"
zeta.sc,"0.04,0.57,0.04,1"
